Enero,1 al 7
Enero,8 al 15
Enero,16 al 23
Enero,23 al 31
Febrero,1 al 7
Febrero,8 al 15
Febrero,16 al 23
Febrero,23 al 28
Marzo,1 al 7
Marzo,8 al 15
Marzo,16 al 23
Marzo,23 al 30
Abril,1 al 7
Abril,8 al 15
Abril,16 al 23
Abril,23 al 30
Mayo,1 al 7
Mayo,8 al 15
Mayo,16 al 23
Mayo,23 al 30
Junio,1 al 7
Junio,8 al 15
Junio,16 al 23
Junio,23 al 30
Julio,1 al 7
Julio,8 al 15
Julio,16 al 23
Julio,23 al 30
Agosto,1 al 7
Agosto,8 al 15
Agosto,16 al 23
Agosto,23 al 30
Septiembre,1 al 7
Septiembre,8 al 15
Septiembre,16 al 23
Septiembre,23 al 30
Octubre,1 al 7
Octubre,8 al 15
Octubre,16 al 23
Octubre,23 al 30
Noviembre,1 al 7
Noviembre,8 al 15
Noviembre,16 al 23
Noviembre,23 al 30
Diciembre,1 al 7
Diciembre,8 al 15
Diciembre,16 al 23
Diciembre,23 al 30
